{
  "accuracy": [
    0.3333333432674408,
    0.2857142984867096,
    0.190476194024086,
    0.3333333432674408,
    0.3333333432674408,
    0.4285714328289032
  ],
  "loss": [
    1.1011079549789429,
    1.1038070917129517,
    1.105034589767456,
    1.0990890264511108,
    1.0972466468811035,
    1.0998835563659668
  ],
  "val_accuracy": [
    0.3333333432674408,
    0.3333333432674408,
    0.3333333432674408,
    0.3333333432674408,
    0.3333333432674408,
    0.3333333432674408
  ],
  "val_loss": [
    1.0986878871917725,
    1.0986992120742798,
    1.0987229347229004,
    1.09867262840271,
    1.0986663103103638,
    1.0986610651016235
  ],
  "learning_rate": [
    0.0010000000474974513,
    0.0010000000474974513,
    0.0010000000474974513,
    0.0010000000474974513,
    0.00010000000474974513,
    0.00010000000474974513
  ]
}