{
  "accuracy": [
    0.380952388048172,
    0.2380952388048172,
    0.3333333432674408,
    0.3333333432674408,
    0.4761904776096344,
    0.4285714328289032
  ],
  "loss": [
    1.099804401397705,
    1.0998185873031616,
    1.0978282690048218,
    1.0907995700836182,
    1.0908541679382324,
    1.0959211587905884
  ],
  "val_accuracy": [
    0.3333333432674408,
    0.3333333432674408,
    0.3333333432674408,
    0.3333333432674408,
    0.3333333432674408,
    0.3333333432674408
  ],
  "val_loss": [
    1.0986394882202148,
    1.0986791849136353,
    1.0987600088119507,
    1.098736047744751,
    1.098728895187378,
    1.0987200736999512
  ],
  "learning_rate": [
    0.0010000000474974513,
    0.0010000000474974513,
    0.0010000000474974513,
    0.0010000000474974513,
    0.00010000000474974513,
    0.00010000000474974513
  ]
}