{
  "accuracy": [
    0.2857142984867096,
    0.4285714328289032,
    0.3333333432674408,
    0.2380952388048172,
    0.1428571492433548,
    0.190476194024086
  ],
  "loss": [
    1.1003832817077637,
    1.0974916219711304,
    1.1005173921585083,
    1.0935670137405396,
    1.1062359809875488,
    1.1024587154388428
  ],
  "val_accuracy": [
    0.3333333432674408,
    0.3333333432674408,
    0.3333333432674408,
    0.3333333432674408,
    0.3333333432674408,
    0.3333333432674408
  ],
  "val_loss": [
    1.098631739616394,
    1.0987521409988403,
    1.098764181137085,
    1.0987062454223633,
    1.0986955165863037,
    1.0986837148666382
  ],
  "learning_rate": [
    0.0010000000474974513,
    0.0010000000474974513,
    0.0010000000474974513,
    0.0010000000474974513,
    0.00010000000474974513,
    0.00010000000474974513
  ]
}